dispatcher,threshold,fires,pairs,coverage,wrong,mismatch,wilson_low,wilson_high,coverage_point
arm 2 (semantic),0.9963882585836081,2,400,0.005,2,1.0,0.342372,1.0,False
arm 2 (semantic),0.9950585904004681,3,400,0.0075,2,0.666667,0.207655,0.93851,False
arm 2 (semantic),0.9946226035891651,6,400,0.015,5,0.833333,0.436491,0.969947,False
arm 2 (semantic),0.9930575067947471,7,400,0.0175,5,0.714286,0.358929,0.917783,False
arm 2 (semantic),0.9929835118423375,8,400,0.02,5,0.625,0.305738,0.863158,False
arm 2 (semantic),0.9906771317770223,11,400,0.0275,8,0.727273,0.43435,0.902541,False
arm 2 (semantic),0.9885134577941856,12,400,0.03,8,0.666667,0.390618,0.861882,False
arm 2 (semantic),0.9861327202724766,13,400,0.0325,9,0.692308,0.423689,0.873195,False
arm 2 (semantic),0.9827884812107471,15,400,0.0375,9,0.6,0.357464,0.801758,False
arm 2 (semantic),0.9822509694739012,17,400,0.0425,9,0.529412,0.309629,0.738352,False
arm 2 (semantic),0.9815580949155884,22,400,0.055,14,0.636364,0.429513,0.80267,False
arm 2 (semantic),0.9805444802541018,25,400,0.0625,17,0.68,0.484099,0.82795,False
arm 2 (semantic),0.9803338803373394,26,400,0.065,18,0.692308,0.500114,0.834989,False
arm 2 (semantic),0.9754989860715654,32,400,0.08,24,0.75,0.578931,0.867478,False
arm 2 (semantic),0.9750992805012516,35,400,0.0875,27,0.771429,0.609824,0.879343,False
arm 2 (semantic),0.967024667483046,36,400,0.09,28,0.777778,0.61915,0.882838,False
arm 2 (semantic),0.958290357716833,40,400,0.1,32,0.8,0.652424,0.895001,False
arm 2 (semantic),0.9556353899397514,41,400,0.1025,32,0.780488,0.632947,0.87997,False
arm 2 (semantic),0.9525994752113599,43,400,0.1075,32,0.744186,0.597613,0.850706,False
arm 2 (semantic),0.9498253857725151,44,400,0.11,33,0.75,0.605592,0.854259,False
arm 2 (semantic),0.944952374521147,46,400,0.115,35,0.76087,0.620646,0.86088,False
arm 2 (semantic),0.9357782798363824,48,400,0.12,35,0.729167,0.590028,0.834342,False
arm 2 (semantic),0.9302246209270982,59,400,0.1475,46,0.779661,0.658671,0.866459,False
arm 2 (semantic),0.9263595526658875,60,400,0.15,47,0.783333,0.663797,0.868771,False
arm 2 (semantic),0.9261449666601537,67,400,0.1675,47,0.701493,0.583446,0.797686,False
arm 2 (semantic),0.9239382602875098,69,400,0.1725,49,0.710145,0.594283,0.803841,False
arm 2 (semantic),0.9216645693763407,70,400,0.175,50,0.714286,0.599496,0.806779,False
arm 2 (semantic),0.9213694688382079,73,400,0.1825,53,0.726027,0.614368,0.815087,False
arm 2 (semantic),0.91223269652805,76,400,0.19,56,0.736842,0.628185,0.822707,False
arm 2 (semantic),0.9118978951807207,78,400,0.195,56,0.717949,0.609689,0.805748,False
arm 2 (semantic),0.9117886145999411,79,400,0.1975,56,0.708861,0.600869,0.797481,False
arm 2 (semantic),0.906966499277879,86,400,0.215,63,0.732558,0.630548,0.81468,False
arm 2 (semantic),0.906868259993188,87,400,0.2175,63,0.724138,0.62226,0.807058,False
arm 2 (semantic),0.9048927882201062,88,400,0.22,63,0.715909,0.614202,0.799554,False
arm 2 (semantic),0.9026998737443762,90,400,0.225,63,0.7,0.598733,0.784892,False
arm 2 (semantic),0.9005611971998545,91,400,0.2275,63,0.692308,0.591303,0.777733,False
arm 2 (semantic),0.9003519797308973,92,400,0.23,63,0.684783,0.584065,0.770687,False
arm 2 (semantic),0.8962157859863545,93,400,0.2325,64,0.688172,0.588142,0.773273,False
arm 2 (semantic),0.896141295220362,94,400,0.235,64,0.680851,0.581111,0.76639,False
arm 2 (semantic),0.8961134211336967,95,400,0.2375,64,0.673684,0.574253,0.759614,False
arm 2 (semantic),0.8960591853165369,97,400,0.2425,64,0.659794,0.561034,0.746379,False
arm 2 (semantic),0.8959506830399254,99,400,0.2475,64,0.646465,0.548434,0.733553,False
arm 2 (semantic),0.8955303724910251,104,400,0.26,69,0.663462,0.568264,0.747013,False
arm 2 (semantic),0.8901768773249543,105,400,0.2625,69,0.657143,0.562249,0.740944,False
arm 2 (semantic),0.8900422230213132,107,400,0.2675,69,0.64486,0.550606,0.729072,False
arm 2 (semantic),0.8880465705702464,110,400,0.275,72,0.654545,0.561823,0.736837,False
arm 2 (semantic),0.8821926987305443,112,400,0.28,72,0.642857,0.550734,0.725506,False
arm 2 (semantic),0.8820375957780411,114,400,0.285,74,0.649123,0.557956,0.730567,False
arm 2 (semantic),0.8801618740716844,115,400,0.2875,74,0.643478,0.5526,0.725081,False
arm 2 (semantic),0.8793983105026637,116,400,0.29,74,0.637931,0.547349,0.71967,False
arm 2 (semantic),0.8788401248600082,118,400,0.295,74,0.627119,0.537152,0.70907,False
arm 2 (semantic),0.8786686082959495,120,400,0.3,74,0.616667,0.527339,0.698756,False
arm 2 (semantic),0.8711071209319158,125,400,0.3125,79,0.632,0.544697,0.711431,False
arm 2 (semantic),0.8690660422649834,132,400,0.33,86,0.651515,0.566986,0.727475,False
arm 2 (semantic),0.8616190899692703,134,400,0.335,86,0.641791,0.557697,0.717981,False
arm 2 (semantic),0.8399736054966734,137,400,0.3425,89,0.649635,0.566655,0.724452,False
arm 2 (semantic),0.8350338876535572,144,400,0.36,96,0.666667,0.586223,0.738448,False
arm 2 (semantic),0.8297903054368986,147,400,0.3675,99,0.673469,0.594084,0.744019,False
arm 2 (semantic),0.8218123099740182,148,400,0.37,99,0.668919,0.589669,0.739621,False
arm 2 (semantic),0.8084978720029002,149,400,0.3725,100,0.671141,0.592234,0.741445,False
arm 2 (semantic),0.803864237684658,150,400,0.375,101,0.673333,0.594767,0.743243,False
arm 2 (semantic),0.8007255772140799,151,400,0.3775,102,0.675497,0.597269,0.745016,False
arm 2 (semantic),0.7963564093932763,152,400,0.38,102,0.671053,0.59295,0.740722,False
arm 2 (semantic),0.7891066958581812,153,400,0.3825,102,0.666667,0.588695,0.736474,False
arm 2 (semantic),0.7878174338572459,155,400,0.3875,104,0.670968,0.593645,0.740021,False
arm 2 (semantic),0.784112092138746,156,400,0.39,104,0.666667,0.58947,0.735852,False
arm 2 (semantic),0.775809580845673,157,400,0.3925,105,0.66879,0.59191,0.737607,False
arm 2 (semantic),0.7747065608150697,158,400,0.395,106,0.670886,0.594321,0.739338,False
arm 2 (semantic),0.7718504464106442,162,400,0.405,110,0.679012,0.60369,0.746041,False
arm 2 (semantic),0.7694863232757309,163,400,0.4075,111,0.680982,0.605966,0.747663,False
arm 2 (semantic),0.7560511983324224,164,400,0.41,112,0.682927,0.608215,0.749264,False
arm 2 (semantic),0.7378249738109145,166,400,0.415,114,0.686747,0.612639,0.752407,False
arm 2 (semantic),0.7211948101172669,167,400,0.4175,114,0.682635,0.608611,0.748445,False
arm 2 (semantic),0.71309774603254,168,400,0.42,114,0.678571,0.604637,0.744522,False
arm 2 (semantic),0.7083182561462191,169,400,0.4225,115,0.680473,0.60683,0.746095,False
arm 2 (semantic),0.7072215345037929,175,400,0.4375,121,0.691429,0.619494,0.755139,False
arm 2 (semantic),0.706767907410317,177,400,0.4425,123,0.694915,0.623538,0.758012,False
arm 2 (semantic),0.705275764825265,187,400,0.4675,133,0.71123,0.642539,0.771417,False
arm 2 (semantic),0.7051316416701353,188,400,0.47,134,0.712766,0.644335,0.772676,False
arm 2 (semantic),0.7042743101746731,192,400,0.48,138,0.71875,0.651342,0.777576,False
arm 2 (semantic),0.6886294912188166,194,400,0.485,138,0.71134,0.64396,0.770513,False
arm 2 (semantic),0.6870025851874733,200,400,0.5,144,0.72,0.654076,0.777632,False
arm 2 (semantic),0.6833540862443365,204,400,0.51,148,0.72549,0.660508,0.782137,False
arm 2 (semantic),0.6698368064235046,209,400,0.5225,153,0.732057,0.668221,0.787517,False
arm 2 (semantic),0.6673731103672844,212,400,0.53,153,0.721698,0.657833,0.777672,False
arm 2 (semantic),0.6631202220247265,213,400,0.5325,153,0.71831,0.654445,0.774439,False
arm 2 (semantic),0.662652073288612,215,400,0.5375,153,0.711628,0.647778,0.768048,False
arm 2 (semantic),0.6556877046537134,216,400,0.54,153,0.708333,0.644498,0.764888,False
arm 2 (semantic),0.6537546574378355,217,400,0.5425,153,0.705069,0.641252,0.761751,False
arm 2 (semantic),0.6238624634219195,218,400,0.545,153,0.701835,0.638041,0.758639,False
arm 2 (semantic),0.616879414802401,219,400,0.5475,153,0.69863,0.634862,0.75555,False
arm 2 (semantic),0.6132510367537372,228,400,0.57,162,0.710526,0.648555,0.765521,False
arm 2 (semantic),0.6086235574069068,229,400,0.5725,163,0.71179,0.650014,0.766579,False
arm 2 (semantic),0.6084864824959751,230,400,0.575,164,0.713043,0.65146,0.767627,False
arm 2 (semantic),0.6035026298020545,231,400,0.5775,164,0.709957,0.648382,0.764662,False
arm 2 (semantic),0.6025141651460497,232,400,0.58,165,0.711207,0.649823,0.76571,False
arm 2 (semantic),0.5935839408648051,233,400,0.5825,166,0.712446,0.651252,0.766748,False
arm 2 (semantic),0.593098632572127,237,400,0.5925,170,0.7173,0.656855,0.770812,False
arm 2 (semantic),0.5889322980518166,238,400,0.595,170,0.714286,0.653843,0.76792,False
arm 2 (semantic),0.5777902664234109,240,400,0.6,170,0.708333,0.647906,0.762197,False
arm 2 (semantic),0.5750982005262617,241,400,0.6025,170,0.705394,0.644979,0.759364,False
arm 2 (semantic),0.5748878536832284,242,400,0.605,170,0.702479,0.642079,0.756551,False
arm 2 (semantic),0.5732004633051618,243,400,0.6075,171,0.703704,0.643481,0.757586,False
arm 2 (semantic),0.568304499170414,245,400,0.6125,171,0.697959,0.637773,0.752033,False
arm 2 (semantic),0.537943846147396,251,400,0.6275,177,0.705179,0.646019,0.758154,False
arm 2 (semantic),0.5338689134510927,253,400,0.6325,179,0.70751,0.648685,0.760127,False
arm 2 (semantic),0.4925006049826242,254,400,0.635,180,0.708661,0.650003,0.761102,False
arm 2 (semantic),0.2790796064707582,255,400,0.6375,181,0.709804,0.651312,0.762069,False
arm 2 (semantic),0.27541435791307894,261,400,0.6525,187,0.716475,0.658962,0.767708,False
arm 2 (semantic),0.27314823785935605,262,400,0.655,188,0.717557,0.660205,0.768622,False
arm 2 (semantic),0.26858362731667096,263,400,0.6575,189,0.718631,0.661438,0.769529,False
arm 2 (semantic),0.2647590851221146,264,400,0.66,190,0.719697,0.662663,0.770429,False
arm 2 (semantic),0.2525791559254995,268,400,0.67,194,0.723881,0.667476,0.773958,False
arm 2 (semantic),0.24429679915641975,270,400,0.675,196,0.725926,0.669831,0.775682,False
arm 2 (semantic),0.23381273403899044,271,400,0.6775,197,0.726937,0.670996,0.776534,False
arm 2 (semantic),0.22673859058629328,272,400,0.68,197,0.724265,0.668311,0.773971,False
arm 2 (semantic),0.226708599411477,273,400,0.6825,197,0.721612,0.665649,0.771424,False
arm 2 (semantic),0.2260103382896968,275,400,0.6875,199,0.723636,0.667975,0.773136,False
arm 2 (semantic),0.22174697080427613,276,400,0.69,199,0.721014,0.665344,0.770617,False
arm 2 (semantic),0.21640103665906996,283,400,0.7075,206,0.727915,0.67327,0.776456,False
arm 2 (semantic),0.201153607355103,285,400,0.7125,206,0.722807,0.668137,0.77155,False
arm 2 (semantic),0.1952181867914354,286,400,0.715,207,0.723776,0.669248,0.772372,False
arm 2 (semantic),0.19019482171018298,290,400,0.725,211,0.727586,0.673619,0.775602,False
arm 2 (semantic),0.18482302006107929,293,400,0.7325,214,0.730375,0.676823,0.777965,False
arm 2 (semantic),0.1804035077117816,294,400,0.735,214,0.727891,0.674323,0.775581,False
arm 2 (semantic),0.17527995322663872,295,400,0.7375,214,0.725424,0.671842,0.77321,False
arm 2 (semantic),0.1690391066849729,300,400,0.75,219,0.73,0.677087,0.777097,False
arm 2 (semantic),0.16087565023969486,301,400,0.7525,219,0.727575,0.674646,0.774767,False
arm 2 (semantic),0.1584726981469333,303,400,0.7575,221,0.729373,0.676707,0.776296,False
arm 2 (semantic),0.15011090100426025,305,400,0.7625,223,0.731148,0.678741,0.777804,False
arm 2 (semantic),0.14282308864690937,306,400,0.765,224,0.732026,0.679749,0.77855,False
arm 2 (semantic),0.14060525790018913,307,400,0.7675,225,0.732899,0.68075,0.779291,False
arm 2 (semantic),0.11291306164368733,312,400,0.78,230,0.737179,0.685665,0.782925,False
arm 2 (semantic),0.1124213123390968,316,400,0.79,234,0.740506,0.689489,0.785746,False
arm 2 (semantic),0.09441406223881064,319,400,0.7975,237,0.742947,0.692298,0.787814,False
arm 2 (semantic),0.09167632403347782,320,400,0.8,238,0.74375,0.693222,0.788495,False
arm 2 (semantic),0.08601336968258924,322,400,0.805,240,0.745342,0.695055,0.789843,False
arm 2 (semantic),0.08425255497840053,324,400,0.81,242,0.746914,0.696867,0.791174,False
arm 2 (semantic),0.08268101241749322,325,400,0.8125,243,0.747692,0.697765,0.791833,False
arm 2 (semantic),0.08016784441713902,333,400,0.8325,251,0.753754,0.70476,0.79696,False
arm 2 (semantic),0.079805734522255,334,400,0.835,252,0.754491,0.705612,0.797583,False
arm 2 (semantic),0.06946541944720246,336,400,0.84,252,0.75,0.701049,0.793299,False
arm 2 (semantic),0.0694234968173806,340,400,0.85,256,0.752941,0.704439,0.795791,False
arm 2 (semantic),0.0681402691766733,347,400,0.8675,263,0.757925,0.71019,0.800011,False
arm 2 (semantic),0.05811509684547009,348,400,0.87,264,0.758621,0.710994,0.8006,False
arm 2 (semantic),0.05381522918284016,349,400,0.8725,265,0.759312,0.711793,0.801185,False
arm 2 (semantic),0.04881411076632451,350,400,0.875,266,0.76,0.712587,0.801767,False
arm 2 (semantic),0.042417316542694386,355,400,0.8875,271,0.76338,0.716496,0.804625,False
arm 2 (semantic),0.04050335369854754,358,400,0.895,274,0.765363,0.718791,0.806301,False
arm 2 (semantic),0.04018816903678152,360,400,0.9,276,0.766667,0.7203,0.807402,False
arm 2 (semantic),0.03870446197781444,365,400,0.9125,281,0.769863,0.724003,0.810101,False
arm 2 (semantic),0.03825071690121337,366,400,0.915,281,0.76776,0.721853,0.808104,False
arm 2 (semantic),0.03805194965121502,367,400,0.9175,281,0.765668,0.719716,0.806115,False
arm 2 (semantic),0.037639964042785135,368,400,0.92,281,0.763587,0.717592,0.804135,False
arm 2 (semantic),0.03170618637047525,371,400,0.9275,284,0.765499,0.719799,0.805756,False
arm 2 (semantic),0.0313950063020935,372,400,0.93,285,0.766129,0.720528,0.80629,False
arm 2 (semantic),0.029856755391558198,373,400,0.9325,286,0.766756,0.721252,0.806821,False
arm 2 (semantic),0.0277593983859537,376,400,0.94,289,0.768617,0.723403,0.808398,False
arm 2 (semantic),0.018147795573831713,380,400,0.95,293,0.771053,0.726219,0.81046,False
arm 2 (semantic),0.002422004612591102,385,400,0.9625,293,0.761039,0.715994,0.800926,False
arm 2 (semantic),0.0023501753852245115,386,400,0.965,294,0.761658,0.716706,0.801453,False
arm 2 (semantic),0.0022885958067025932,387,400,0.9675,295,0.762274,0.717414,0.801978,False
arm 2 (semantic),0.0012208138519723291,390,400,0.975,298,0.764103,0.719517,0.803536,False
arm 2 (semantic),0.0011307993862901234,400,400,1.0,308,0.77,0.726306,0.808557,False
arm 3 (precondition),,187,400,0.4675,0,0.0,0.0,0.02013,True
arm 2b (soft vote),1.0,187,400,0.4675,0,0.0,0.0,0.02013,False
arm 2b (soft vote),0.9,200,400,0.5,13,0.065,0.038376,0.10802,False
arm 2b (soft vote),0.8888888888888888,400,400,1.0,213,0.5325,0.483527,0.580855,False
arm 2c (intent key),,0,400,0.0,0,,,,False
